[
  {
    "id": "bd24ade7-256e-4216-81ce-1638a6fc963d",
    "data": [
      {
        "text": "skip",
        "userDefined": false
      }
    ],
    "isTemplate": false,
    "count": 2,
    "updated": 0
  },
  {
    "id": "21cf2006-adae-494c-8974-72e0572d3c24",
    "data": [
      {
        "text": "stop it",
        "userDefined": false
      }
    ],
    "isTemplate": false,
    "count": 0,
    "updated": 0
  },
  {
    "id": "888fa367-0d8c-4beb-bf3a-461b2ca510e7",
    "data": [
      {
        "text": "do nothing",
        "userDefined": false
      }
    ],
    "isTemplate": false,
    "count": 0,
    "updated": 0
  },
  {
    "id": "c3022af8-8f20-493f-82ab-c76eae764cc0",
    "data": [
      {
        "text": "dismiss",
        "userDefined": false
      }
    ],
    "isTemplate": false,
    "count": 0,
    "updated": 0
  },
  {
    "id": "070bdb51-3e15-4f88-81f0-8e106d6a560e",
    "data": [
      {
        "text": "never mind",
        "userDefined": false
      }
    ],
    "isTemplate": false,
    "count": 0,
    "updated": 0
  },
  {
    "id": "85d8e5b5-40a9-4026-953f-892f72d86fb3",
    "data": [
      {
        "text": "cancel that",
        "userDefined": false
      }
    ],
    "isTemplate": false,
    "count": 5,
    "updated": 0
  },
  {
    "id": "1179b74b-3b24-4129-9e84-3ab89357553f",
    "data": [
      {
        "text": "just forget about it",
        "userDefined": false
      }
    ],
    "isTemplate": false,
    "count": 1,
    "updated": 0
  },
  {
    "id": "193c4b57-b386-4894-9731-a67e8ba65693",
    "data": [
      {
        "text": "stop",
        "userDefined": false
      }
    ],
    "isTemplate": false,
    "count": 3,
    "updated": 0
  },
  {
    "id": "e3ee6eef-8df5-4892-b253-f96c85ea5d47",
    "data": [
      {
        "text": "forget that",
        "userDefined": false
      }
    ],
    "isTemplate": false,
    "count": 0,
    "updated": 0
  },
  {
    "id": "70cb84de-c1db-4d21-b66c-c3315ba80866",
    "data": [
      {
        "text": "cancel",
        "userDefined": false
      }
    ],
    "isTemplate": false,
    "count": 0,
    "updated": 0
  }
]