[
  {
    "id": "e4afdd73-68c5-435c-bf61-9079ca1bed33",
    "data": [
      {
        "text": "नाश्ता",
        "alias": "food",
        "meta": "@food",
        "userDefined": true
      },
      {
        "text": " ",
        "userDefined": false
      },
      {
        "text": "कल",
        "alias": "date",
        "meta": "@sys.date",
        "userDefined": false
      },
      {
        "text": " का",
        "userDefined": false
      }
    ],
    "isTemplate": false,
    "count": 0,
    "updated": 0
  },
  {
    "id": "ead7d61c-b7f2-4766-be0d-cdc12a856261",
    "data": [
      {
        "text": "आज",
        "alias": "date",
        "meta": "@sys.date",
        "userDefined": false
      },
      {
        "text": " का ",
        "userDefined": false
      },
      {
        "text": "नाश्ता",
        "alias": "food",
        "meta": "@food",
        "userDefined": true
      }
    ],
    "isTemplate": false,
    "count": 0,
    "updated": 0
  },
  {
    "id": "ebbfcc84-ddfa-4e1f-8f8d-c30a69b6dfb9",
    "data": [
      {
        "text": " ",
        "userDefined": false
      },
      {
        "text": "कल",
        "alias": "date",
        "meta": "@sys.date",
        "userDefined": false
      },
      {
        "text": " ",
        "userDefined": false
      },
      {
        "text": "डिनर",
        "alias": "food",
        "meta": "@food",
        "userDefined": true
      },
      {
        "text": " में क्या है",
        "userDefined": false
      }
    ],
    "isTemplate": false,
    "count": 0,
    "updated": 0
  },
  {
    "id": "33634faf-3745-42b3-9d13-c8a3b2e1e7bf",
    "data": [
      {
        "text": "कल",
        "alias": "date",
        "meta": "@sys.date",
        "userDefined": false
      },
      {
        "text": " का ",
        "userDefined": false
      },
      {
        "text": "लंच",
        "alias": "food",
        "meta": "@food",
        "userDefined": true
      }
    ],
    "isTemplate": false,
    "count": 0,
    "updated": 0
  }
]