[
  {
    "id": "c522e759-ab5a-4ca2-9e47-867036050dd0",
    "data": [
      {
        "text": "breakfast",
        "alias": "food",
        "meta": "@food",
        "userDefined": false
      },
      {
        "text": " ",
        "userDefined": false
      },
      {
        "text": "tomorrow",
        "alias": "date",
        "meta": "@sys.date",
        "userDefined": false
      }
    ],
    "isTemplate": false,
    "count": 0,
    "updated": 0
  },
  {
    "id": "b4b2ba97-85bc-4335-9c1b-d1a527751e1d",
    "data": [
      {
        "text": "what is to ",
        "userDefined": false
      },
      {
        "text": "eat",
        "alias": "food",
        "meta": "@food",
        "userDefined": true
      },
      {
        "text": " ",
        "userDefined": false
      },
      {
        "text": "today",
        "alias": "date",
        "meta": "@sys.date",
        "userDefined": true
      },
      {
        "text": "?",
        "userDefined": false
      }
    ],
    "isTemplate": false,
    "count": 0,
    "updated": 0
  },
  {
    "id": "438060ea-db4d-490d-ad94-ef748b48da01",
    "data": [
      {
        "text": "what is in ",
        "userDefined": false
      },
      {
        "text": "lunch",
        "alias": "food",
        "meta": "@food",
        "userDefined": true
      },
      {
        "text": " ",
        "userDefined": false
      },
      {
        "text": "today",
        "alias": "date",
        "meta": "@sys.date",
        "userDefined": true
      },
      {
        "text": "?",
        "meta": "@sys.ignore",
        "userDefined": true
      }
    ],
    "isTemplate": false,
    "count": 0,
    "updated": 0
  },
  {
    "id": "c3fae572-d12b-43b9-95b1-22979d1d9dd8",
    "data": [
      {
        "text": " brunch ",
        "userDefined": false
      },
      {
        "text": "today",
        "alias": "date",
        "meta": "@sys.date",
        "userDefined": false
      },
      {
        "text": "?",
        "userDefined": false
      }
    ],
    "isTemplate": false,
    "count": 0,
    "updated": 0
  },
  {
    "id": "3567b3ce-cc25-4ffc-855e-3f9081d6abb3",
    "data": [
      {
        "text": "What is in the ",
        "userDefined": false
      },
      {
        "text": "food",
        "alias": "food",
        "meta": "@food",
        "userDefined": true
      },
      {
        "text": " ",
        "userDefined": false
      },
      {
        "text": "tomorrow",
        "alias": "date",
        "meta": "@sys.date",
        "userDefined": true
      },
      {
        "text": "?",
        "userDefined": false
      }
    ],
    "isTemplate": false,
    "count": 0,
    "updated": 0
  },
  {
    "id": "59ab7577-26a9-4dbc-aa16-e56539b5c8c5",
    "data": [
      {
        "text": "  ",
        "userDefined": false
      },
      {
        "text": "today",
        "alias": "date",
        "meta": "@sys.date",
        "userDefined": false
      },
      {
        "text": "\u0027s ",
        "userDefined": false
      },
      {
        "text": "lunch",
        "alias": "food",
        "meta": "@food",
        "userDefined": false
      }
    ],
    "isTemplate": false,
    "count": 0,
    "updated": 0
  },
  {
    "id": "f2d16014-a273-4651-bf6e-7fc994f8ef08",
    "data": [
      {
        "text": "What is in  ",
        "userDefined": false
      },
      {
        "text": "dinner",
        "alias": "food",
        "meta": "@food",
        "userDefined": true
      },
      {
        "text": "?",
        "userDefined": false
      }
    ],
    "isTemplate": false,
    "count": 0,
    "updated": 0
  },
  {
    "id": "273d8711-6835-461c-9016-9488129471f2",
    "data": [
      {
        "text": "What is for ",
        "userDefined": false
      },
      {
        "text": "breakfast",
        "alias": "food",
        "meta": "@food",
        "userDefined": false
      },
      {
        "text": "?",
        "userDefined": false
      }
    ],
    "isTemplate": false,
    "count": 0,
    "updated": 0
  }
]