[
  {
    "id": "7e5335ee-f4d0-4d5b-91dd-c780acafb5f7",
    "data": [
      {
        "text": "exit",
        "userDefined": false
      }
    ],
    "isTemplate": false,
    "count": 0,
    "updated": 0
  },
  {
    "id": "362430c9-79d0-4874-a8d0-5f4c83e753fe",
    "data": [
      {
        "text": "bye bye",
        "userDefined": false
      }
    ],
    "isTemplate": false,
    "count": 0,
    "updated": 0
  },
  {
    "id": "9e40f976-b10b-4001-9c28-60762984f357",
    "data": [
      {
        "text": "bye",
        "userDefined": false
      }
    ],
    "isTemplate": false,
    "count": 0,
    "updated": 0
  },
  {
    "id": "e92782b6-c4d7-4a9c-8c69-2762f1675dc5",
    "data": [
      {
        "text": "अलविदा",
        "userDefined": false
      }
    ],
    "isTemplate": false,
    "count": 0,
    "updated": 0
  }
]