[
  {
    "value": "dish",
    "synonyms": [
      "dish"
    ]
  },
  {
    "value": "food menu",
    "synonyms": [
      "food menu"
    ]
  },
  {
    "value": "hungry",
    "synonyms": [
      "hungry"
    ]
  },
  {
    "value": "item",
    "synonyms": [
      "item"
    ]
  },
  {
    "value": "meal",
    "synonyms": [
      "meal"
    ]
  },
  {
    "value": "menu",
    "synonyms": [
      "menu"
    ]
  },
  {
    "value": "menu card",
    "synonyms": [
      "menu card"
    ]
  },
  {
    "value": "mess",
    "synonyms": [
      "canteen",
      "mess"
    ]
  }
]